{"cameraMode":{"drawMode":0,"name":"Shaded","section":"Shading Mode"},"sceneLighting":true,"audioPlay":false,"sceneViewState":{"m_AlwaysRefresh":false,"showFog":true,"showSkybox":true,"showFlares":true,"showImageEffects":true,"showParticleSystems":true,"showVisualEffectGraphs":true,"m_FxEnabled":true},"in2DMode":false,"pivot":{"x":-1.9715690612792969,"y":1.3357200622558594,"z":7.7514753341674809},"rotation":{"x":-0.43461310863494875,"y":-0.07981565594673157,"z":0.038814518600702289,"w":-0.8963069915771484},"size":4.212942123413086,"orthographic":false}